,image_id,Gauss_filter,feature_extraction,predict,target
0,0,0.1,Haar,0,1
1,0,0.3,Haar,1,0
2,0,0.5,Haar,1,1
3,0,0.7,Haar,0,1
4,0,0.1,Gabor,0,0
5,0,0.3,Gabor,0,0
6,0,0.5,Gabor,1,0
7,0,0.7,Gabor,0,1
8,0,0.1,LBP,0,1
9,0,0.3,LBP,1,0
10,0,0.5,LBP,1,0
11,0,0.7,LBP,1,1
12,0,0.1,HOG,1,1
13,0,0.3,HOG,0,1
14,0,0.5,HOG,1,0
15,0,0.7,HOG,0,1
16,1,0.1,Haar,0,1
17,1,0.3,Haar,0,0
18,1,0.5,Haar,1,1
19,1,0.7,Haar,0,1
20,1,0.1,Gabor,1,1
21,1,0.3,Gabor,0,1
22,1,0.5,Gabor,1,1
23,1,0.7,Gabor,1,0
24,1,0.1,LBP,1,0
25,1,0.3,LBP,1,1
26,1,0.5,LBP,1,1
27,1,0.7,LBP,1,1
28,1,0.1,HOG,0,0
29,1,0.3,HOG,1,1
30,1,0.5,HOG,0,0
31,1,0.7,HOG,1,1
32,2,0.1,Haar,1,1
33,2,0.3,Haar,0,0
34,2,0.5,Haar,0,1
35,2,0.7,Haar,1,1
36,2,0.1,Gabor,0,1
37,2,0.3,Gabor,0,0
38,2,0.5,Gabor,1,1
39,2,0.7,Gabor,1,0
40,2,0.1,LBP,0,1
41,2,0.3,LBP,0,0
42,2,0.5,LBP,1,0
43,2,0.7,LBP,1,1
44,2,0.1,HOG,0,1
45,2,0.3,HOG,0,1
46,2,0.5,HOG,0,0
47,2,0.7,HOG,0,0
48,3,0.1,Haar,0,0
49,3,0.3,Haar,0,1
50,3,0.5,Haar,0,0
51,3,0.7,Haar,0,0
52,3,0.1,Gabor,0,1
53,3,0.3,Gabor,1,0
54,3,0.5,Gabor,1,1
55,3,0.7,Gabor,0,0
56,3,0.1,LBP,0,1
57,3,0.3,LBP,1,1
58,3,0.5,LBP,0,0
59,3,0.7,LBP,0,1
60,3,0.1,HOG,1,1
61,3,0.3,HOG,0,0
62,3,0.5,HOG,1,0
63,3,0.7,HOG,1,0
64,4,0.1,Haar,1,1
65,4,0.3,Haar,0,0
66,4,0.5,Haar,1,0
67,4,0.7,Haar,1,1
68,4,0.1,Gabor,0,1
69,4,0.3,Gabor,1,1
70,4,0.5,Gabor,0,0
71,4,0.7,Gabor,1,1
72,4,0.1,LBP,0,1
73,4,0.3,LBP,0,0
74,4,0.5,LBP,0,0
75,4,0.7,LBP,0,0
76,4,0.1,HOG,0,0
77,4,0.3,HOG,0,1
78,4,0.5,HOG,0,1
79,4,0.7,HOG,1,0
80,5,0.1,Haar,1,0
81,5,0.3,Haar,1,0
82,5,0.5,Haar,1,1
83,5,0.7,Haar,1,1
84,5,0.1,Gabor,0,0
85,5,0.3,Gabor,0,0
86,5,0.5,Gabor,1,1
87,5,0.7,Gabor,0,1
88,5,0.1,LBP,0,0
89,5,0.3,LBP,0,0
90,5,0.5,LBP,0,1
91,5,0.7,LBP,0,1
92,5,0.1,HOG,0,1
93,5,0.3,HOG,1,0
94,5,0.5,HOG,0,0
95,5,0.7,HOG,1,0
96,6,0.1,Haar,1,0
97,6,0.3,Haar,0,1
98,6,0.5,Haar,0,0
99,6,0.7,Haar,0,1
100,6,0.1,Gabor,0,1
101,6,0.3,Gabor,0,0
102,6,0.5,Gabor,0,0
103,6,0.7,Gabor,1,0
104,6,0.1,LBP,1,1
105,6,0.3,LBP,0,0
106,6,0.5,LBP,0,1
107,6,0.7,LBP,0,0
108,6,0.1,HOG,1,0
109,6,0.3,HOG,0,1
110,6,0.5,HOG,0,0
111,6,0.7,HOG,0,0
112,7,0.1,Haar,1,0
113,7,0.3,Haar,0,0
114,7,0.5,Haar,1,0
115,7,0.7,Haar,1,0
116,7,0.1,Gabor,0,0
117,7,0.3,Gabor,0,0
118,7,0.5,Gabor,1,1
119,7,0.7,Gabor,0,1
120,7,0.1,LBP,1,1
121,7,0.3,LBP,1,0
122,7,0.5,LBP,1,0
123,7,0.7,LBP,1,0
124,7,0.1,HOG,1,1
125,7,0.3,HOG,1,1
126,7,0.5,HOG,0,0
127,7,0.7,HOG,1,1
128,8,0.1,Haar,0,0
129,8,0.3,Haar,0,0
130,8,0.5,Haar,1,1
131,8,0.7,Haar,1,0
132,8,0.1,Gabor,1,0
133,8,0.3,Gabor,0,0
134,8,0.5,Gabor,0,0
135,8,0.7,Gabor,1,0
136,8,0.1,LBP,1,1
137,8,0.3,LBP,1,1
138,8,0.5,LBP,0,1
139,8,0.7,LBP,1,1
140,8,0.1,HOG,0,1
141,8,0.3,HOG,1,0
142,8,0.5,HOG,0,0
143,8,0.7,HOG,1,0
144,9,0.1,Haar,0,1
145,9,0.3,Haar,0,0
146,9,0.5,Haar,0,0
147,9,0.7,Haar,1,0
148,9,0.1,Gabor,1,0
149,9,0.3,Gabor,0,1
150,9,0.5,Gabor,1,1
151,9,0.7,Gabor,1,0
152,9,0.1,LBP,1,0
153,9,0.3,LBP,1,0
154,9,0.5,LBP,0,1
155,9,0.7,LBP,1,0
156,9,0.1,HOG,1,0
157,9,0.3,HOG,0,0
158,9,0.5,HOG,0,1
159,9,0.7,HOG,1,1
160,10,0.1,Haar,0,0
161,10,0.3,Haar,1,1
162,10,0.5,Haar,0,0
163,10,0.7,Haar,0,1
164,10,0.1,Gabor,0,0
165,10,0.3,Gabor,0,0
166,10,0.5,Gabor,1,1
167,10,0.7,Gabor,1,1
168,10,0.1,LBP,0,1
169,10,0.3,LBP,0,1
170,10,0.5,LBP,0,0
171,10,0.7,LBP,1,1
172,10,0.1,HOG,0,1
173,10,0.3,HOG,1,0
174,10,0.5,HOG,0,0
175,10,0.7,HOG,0,0
176,11,0.1,Haar,0,1
177,11,0.3,Haar,0,0
178,11,0.5,Haar,1,0
179,11,0.7,Haar,1,1
180,11,0.1,Gabor,1,1
181,11,0.3,Gabor,1,1
182,11,0.5,Gabor,1,0
183,11,0.7,Gabor,0,0
184,11,0.1,LBP,0,1
185,11,0.3,LBP,1,0
186,11,0.5,LBP,0,0
187,11,0.7,LBP,0,0
188,11,0.1,HOG,0,0
189,11,0.3,HOG,1,1
190,11,0.5,HOG,1,1
191,11,0.7,HOG,1,0
192,12,0.1,Haar,1,0
193,12,0.3,Haar,0,0
194,12,0.5,Haar,0,0
195,12,0.7,Haar,0,1
196,12,0.1,Gabor,0,0
197,12,0.3,Gabor,1,0
198,12,0.5,Gabor,0,1
199,12,0.7,Gabor,0,0
200,12,0.1,LBP,1,0
201,12,0.3,LBP,1,1
202,12,0.5,LBP,0,1
203,12,0.7,LBP,1,0
204,12,0.1,HOG,1,0
205,12,0.3,HOG,0,0
206,12,0.5,HOG,1,0
207,12,0.7,HOG,1,1
208,13,0.1,Haar,0,1
209,13,0.3,Haar,0,1
210,13,0.5,Haar,0,0
211,13,0.7,Haar,0,0
212,13,0.1,Gabor,1,0
213,13,0.3,Gabor,1,1
214,13,0.5,Gabor,0,1
215,13,0.7,Gabor,0,0
216,13,0.1,LBP,1,1
217,13,0.3,LBP,0,0
218,13,0.5,LBP,1,1
219,13,0.7,LBP,0,0
220,13,0.1,HOG,0,1
221,13,0.3,HOG,1,0
222,13,0.5,HOG,1,0
223,13,0.7,HOG,1,1
224,14,0.1,Haar,1,1
225,14,0.3,Haar,1,1
226,14,0.5,Haar,0,0
227,14,0.7,Haar,1,1
228,14,0.1,Gabor,0,1
229,14,0.3,Gabor,0,0
230,14,0.5,Gabor,1,0
231,14,0.7,Gabor,0,1
232,14,0.1,LBP,0,0
233,14,0.3,LBP,0,0
234,14,0.5,LBP,0,1
235,14,0.7,LBP,1,0
236,14,0.1,HOG,1,1
237,14,0.3,HOG,0,0
238,14,0.5,HOG,0,0
239,14,0.7,HOG,0,1
240,15,0.1,Haar,0,0
241,15,0.3,Haar,0,0
242,15,0.5,Haar,1,0
243,15,0.7,Haar,1,0
244,15,0.1,Gabor,0,1
245,15,0.3,Gabor,1,1
246,15,0.5,Gabor,1,0
247,15,0.7,Gabor,0,0
248,15,0.1,LBP,1,0
249,15,0.3,LBP,1,1
250,15,0.5,LBP,0,1
251,15,0.7,LBP,1,0
252,15,0.1,HOG,1,0
253,15,0.3,HOG,0,0
254,15,0.5,HOG,1,1
255,15,0.7,HOG,0,1
256,16,0.1,Haar,1,0
257,16,0.3,Haar,0,0
258,16,0.5,Haar,0,1
259,16,0.7,Haar,0,0
260,16,0.1,Gabor,1,0
261,16,0.3,Gabor,1,1
262,16,0.5,Gabor,1,1
263,16,0.7,Gabor,0,0
264,16,0.1,LBP,1,1
265,16,0.3,LBP,1,0
266,16,0.5,LBP,1,0
267,16,0.7,LBP,1,1
268,16,0.1,HOG,0,1
269,16,0.3,HOG,0,1
270,16,0.5,HOG,0,1
271,16,0.7,HOG,0,0
272,17,0.1,Haar,0,1
273,17,0.3,Haar,1,0
274,17,0.5,Haar,0,0
275,17,0.7,Haar,0,0
276,17,0.1,Gabor,1,0
277,17,0.3,Gabor,1,1
278,17,0.5,Gabor,1,1
279,17,0.7,Gabor,1,0
280,17,0.1,LBP,0,1
281,17,0.3,LBP,1,1
282,17,0.5,LBP,1,1
283,17,0.7,LBP,0,1
284,17,0.1,HOG,0,0
285,17,0.3,HOG,1,1
286,17,0.5,HOG,1,0
287,17,0.7,HOG,0,0
288,18,0.1,Haar,0,1
289,18,0.3,Haar,0,1
290,18,0.5,Haar,1,0
291,18,0.7,Haar,0,0
292,18,0.1,Gabor,0,0
293,18,0.3,Gabor,0,1
294,18,0.5,Gabor,0,0
295,18,0.7,Gabor,0,1
296,18,0.1,LBP,0,0
297,18,0.3,LBP,1,0
298,18,0.5,LBP,0,1
299,18,0.7,LBP,1,1
300,18,0.1,HOG,0,0
301,18,0.3,HOG,1,1
302,18,0.5,HOG,0,0
303,18,0.7,HOG,0,0
304,19,0.1,Haar,1,1
305,19,0.3,Haar,0,0
306,19,0.5,Haar,0,1
307,19,0.7,Haar,0,0
308,19,0.1,Gabor,0,1
309,19,0.3,Gabor,0,0
310,19,0.5,Gabor,0,1
311,19,0.7,Gabor,0,0
312,19,0.1,LBP,1,0
313,19,0.3,LBP,1,0
314,19,0.5,LBP,0,0
315,19,0.7,LBP,1,0
316,19,0.1,HOG,0,0
317,19,0.3,HOG,1,1
318,19,0.5,HOG,0,1
319,19,0.7,HOG,1,1
320,20,0.1,Haar,1,0
321,20,0.3,Haar,1,0
322,20,0.5,Haar,1,0
323,20,0.7,Haar,0,1
324,20,0.1,Gabor,1,0
325,20,0.3,Gabor,0,0
326,20,0.5,Gabor,1,0
327,20,0.7,Gabor,0,0
328,20,0.1,LBP,1,0
329,20,0.3,LBP,0,0
330,20,0.5,LBP,1,0
331,20,0.7,LBP,0,1
332,20,0.1,HOG,0,1
333,20,0.3,HOG,0,0
334,20,0.5,HOG,0,0
335,20,0.7,HOG,1,0
336,21,0.1,Haar,0,0
337,21,0.3,Haar,1,1
338,21,0.5,Haar,0,1
339,21,0.7,Haar,1,1
340,21,0.1,Gabor,0,1
341,21,0.3,Gabor,0,1
342,21,0.5,Gabor,1,0
343,21,0.7,Gabor,0,0
344,21,0.1,LBP,1,1
345,21,0.3,LBP,0,1
346,21,0.5,LBP,1,0
347,21,0.7,LBP,0,0
348,21,0.1,HOG,0,1
349,21,0.3,HOG,1,0
350,21,0.5,HOG,0,1
351,21,0.7,HOG,1,0
352,22,0.1,Haar,0,1
353,22,0.3,Haar,1,1
354,22,0.5,Haar,0,0
355,22,0.7,Haar,1,0
356,22,0.1,Gabor,0,0
357,22,0.3,Gabor,1,1
358,22,0.5,Gabor,1,0
359,22,0.7,Gabor,0,0
360,22,0.1,LBP,1,1
361,22,0.3,LBP,1,0
362,22,0.5,LBP,1,0
363,22,0.7,LBP,0,0
364,22,0.1,HOG,1,0
365,22,0.3,HOG,1,1
366,22,0.5,HOG,0,0
367,22,0.7,HOG,0,0
368,23,0.1,Haar,1,0
369,23,0.3,Haar,1,0
370,23,0.5,Haar,1,0
371,23,0.7,Haar,0,0
372,23,0.1,Gabor,1,0
373,23,0.3,Gabor,0,0
374,23,0.5,Gabor,0,1
375,23,0.7,Gabor,1,0
376,23,0.1,LBP,1,0
377,23,0.3,LBP,1,1
378,23,0.5,LBP,1,1
379,23,0.7,LBP,1,0
380,23,0.1,HOG,1,0
381,23,0.3,HOG,0,1
382,23,0.5,HOG,1,0
383,23,0.7,HOG,1,1
384,24,0.1,Haar,1,1
385,24,0.3,Haar,0,1
386,24,0.5,Haar,1,1
387,24,0.7,Haar,1,0
388,24,0.1,Gabor,1,0
389,24,0.3,Gabor,1,1
390,24,0.5,Gabor,0,0
391,24,0.7,Gabor,0,0
392,24,0.1,LBP,0,1
393,24,0.3,LBP,0,1
394,24,0.5,LBP,0,0
395,24,0.7,LBP,1,0
396,24,0.1,HOG,1,0
397,24,0.3,HOG,1,0
398,24,0.5,HOG,1,0
399,24,0.7,HOG,0,0
400,25,0.1,Haar,0,1
401,25,0.3,Haar,0,0
402,25,0.5,Haar,1,0
403,25,0.7,Haar,1,1
404,25,0.1,Gabor,0,1
405,25,0.3,Gabor,0,1
406,25,0.5,Gabor,1,1
407,25,0.7,Gabor,0,1
408,25,0.1,LBP,1,0
409,25,0.3,LBP,1,1
410,25,0.5,LBP,1,0
411,25,0.7,LBP,1,1
412,25,0.1,HOG,1,1
413,25,0.3,HOG,1,1
414,25,0.5,HOG,0,1
415,25,0.7,HOG,0,1
416,26,0.1,Haar,0,0
417,26,0.3,Haar,0,0
418,26,0.5,Haar,0,1
419,26,0.7,Haar,0,0
420,26,0.1,Gabor,0,1
421,26,0.3,Gabor,1,1
422,26,0.5,Gabor,1,1
423,26,0.7,Gabor,0,0
424,26,0.1,LBP,0,0
425,26,0.3,LBP,1,0
426,26,0.5,LBP,0,1
427,26,0.7,LBP,1,1
428,26,0.1,HOG,0,1
429,26,0.3,HOG,0,1
430,26,0.5,HOG,1,1
431,26,0.7,HOG,0,0
432,27,0.1,Haar,0,0
433,27,0.3,Haar,1,0
434,27,0.5,Haar,1,0
435,27,0.7,Haar,0,0
436,27,0.1,Gabor,0,1
437,27,0.3,Gabor,1,1
438,27,0.5,Gabor,1,1
439,27,0.7,Gabor,1,0
440,27,0.1,LBP,1,1
441,27,0.3,LBP,0,0
442,27,0.5,LBP,1,0
443,27,0.7,LBP,1,0
444,27,0.1,HOG,0,1
445,27,0.3,HOG,1,0
446,27,0.5,HOG,0,0
447,27,0.7,HOG,1,0
448,28,0.1,Haar,0,0
449,28,0.3,Haar,0,1
450,28,0.5,Haar,1,0
451,28,0.7,Haar,1,1
452,28,0.1,Gabor,0,1
453,28,0.3,Gabor,1,0
454,28,0.5,Gabor,1,0
455,28,0.7,Gabor,0,0
456,28,0.1,LBP,0,1
457,28,0.3,LBP,0,0
458,28,0.5,LBP,0,1
459,28,0.7,LBP,0,1
460,28,0.1,HOG,1,1
461,28,0.3,HOG,1,1
462,28,0.5,HOG,0,1
463,28,0.7,HOG,1,1
464,29,0.1,Haar,0,0
465,29,0.3,Haar,0,0
466,29,0.5,Haar,1,1
467,29,0.7,Haar,0,0
468,29,0.1,Gabor,0,0
469,29,0.3,Gabor,0,1
470,29,0.5,Gabor,0,1
471,29,0.7,Gabor,0,0
472,29,0.1,LBP,0,1
473,29,0.3,LBP,0,1
474,29,0.5,LBP,1,1
475,29,0.7,LBP,0,1
476,29,0.1,HOG,0,1
477,29,0.3,HOG,1,0
478,29,0.5,HOG,0,1
479,29,0.7,HOG,1,0
480,30,0.1,Haar,0,1
481,30,0.3,Haar,1,0
482,30,0.5,Haar,0,0
483,30,0.7,Haar,0,1
484,30,0.1,Gabor,1,1
485,30,0.3,Gabor,0,1
486,30,0.5,Gabor,0,1
487,30,0.7,Gabor,0,0
488,30,0.1,LBP,0,0
489,30,0.3,LBP,0,0
490,30,0.5,LBP,0,0
491,30,0.7,LBP,1,1
492,30,0.1,HOG,0,0
493,30,0.3,HOG,0,1
494,30,0.5,HOG,0,0
495,30,0.7,HOG,0,0
496,31,0.1,Haar,1,0
497,31,0.3,Haar,1,0
498,31,0.5,Haar,0,1
499,31,0.7,Haar,0,0
500,31,0.1,Gabor,0,1
501,31,0.3,Gabor,0,0
502,31,0.5,Gabor,0,0
503,31,0.7,Gabor,1,0
504,31,0.1,LBP,1,1
505,31,0.3,LBP,1,0
506,31,0.5,LBP,1,1
507,31,0.7,LBP,1,0
508,31,0.1,HOG,0,0
509,31,0.3,HOG,0,1
510,31,0.5,HOG,0,0
511,31,0.7,HOG,0,1
512,32,0.1,Haar,1,0
513,32,0.3,Haar,0,0
514,32,0.5,Haar,0,0
515,32,0.7,Haar,1,0
516,32,0.1,Gabor,1,1
517,32,0.3,Gabor,0,0
518,32,0.5,Gabor,1,1
519,32,0.7,Gabor,1,1
520,32,0.1,LBP,1,0
521,32,0.3,LBP,0,1
522,32,0.5,LBP,0,1
523,32,0.7,LBP,0,0
524,32,0.1,HOG,0,1
525,32,0.3,HOG,0,1
526,32,0.5,HOG,1,0
527,32,0.7,HOG,1,0
528,33,0.1,Haar,1,0
529,33,0.3,Haar,1,1
530,33,0.5,Haar,1,0
531,33,0.7,Haar,1,1
532,33,0.1,Gabor,1,1
533,33,0.3,Gabor,1,0
534,33,0.5,Gabor,0,1
535,33,0.7,Gabor,0,0
536,33,0.1,LBP,0,0
537,33,0.3,LBP,0,1
538,33,0.5,LBP,1,0
539,33,0.7,LBP,0,1
540,33,0.1,HOG,0,1
541,33,0.3,HOG,1,0
542,33,0.5,HOG,1,1
543,33,0.7,HOG,1,0
544,34,0.1,Haar,0,0
545,34,0.3,Haar,1,1
546,34,0.5,Haar,0,1
547,34,0.7,Haar,0,0
548,34,0.1,Gabor,1,0
549,34,0.3,Gabor,1,0
550,34,0.5,Gabor,1,1
551,34,0.7,Gabor,1,0
552,34,0.1,LBP,1,0
553,34,0.3,LBP,0,1
554,34,0.5,LBP,1,1
555,34,0.7,LBP,0,0
556,34,0.1,HOG,1,0
557,34,0.3,HOG,0,1
558,34,0.5,HOG,0,1
559,34,0.7,HOG,0,1
560,35,0.1,Haar,0,1
561,35,0.3,Haar,1,0
562,35,0.5,Haar,0,0
563,35,0.7,Haar,1,1
564,35,0.1,Gabor,1,1
565,35,0.3,Gabor,1,0
566,35,0.5,Gabor,1,1
567,35,0.7,Gabor,0,1
568,35,0.1,LBP,1,1
569,35,0.3,LBP,0,0
570,35,0.5,LBP,0,0
571,35,0.7,LBP,1,0
572,35,0.1,HOG,0,1
573,35,0.3,HOG,1,0
574,35,0.5,HOG,1,0
575,35,0.7,HOG,1,0
576,36,0.1,Haar,1,0
577,36,0.3,Haar,0,0
578,36,0.5,Haar,1,0
579,36,0.7,Haar,1,1
580,36,0.1,Gabor,1,1
581,36,0.3,Gabor,1,0
582,36,0.5,Gabor,0,1
583,36,0.7,Gabor,1,1
584,36,0.1,LBP,0,1
585,36,0.3,LBP,0,1
586,36,0.5,LBP,0,0
587,36,0.7,LBP,0,1
588,36,0.1,HOG,1,1
589,36,0.3,HOG,1,0
590,36,0.5,HOG,0,0
591,36,0.7,HOG,1,1
592,37,0.1,Haar,0,1
593,37,0.3,Haar,1,0
594,37,0.5,Haar,0,0
595,37,0.7,Haar,0,1
596,37,0.1,Gabor,1,1
597,37,0.3,Gabor,0,1
598,37,0.5,Gabor,1,0
599,37,0.7,Gabor,1,0
600,37,0.1,LBP,0,1
601,37,0.3,LBP,1,1
602,37,0.5,LBP,0,0
603,37,0.7,LBP,1,0
604,37,0.1,HOG,1,0
605,37,0.3,HOG,0,1
606,37,0.5,HOG,1,1
607,37,0.7,HOG,0,1
608,38,0.1,Haar,1,0
609,38,0.3,Haar,1,1
610,38,0.5,Haar,1,1
611,38,0.7,Haar,1,1
612,38,0.1,Gabor,0,0
613,38,0.3,Gabor,0,1
614,38,0.5,Gabor,1,1
615,38,0.7,Gabor,1,0
616,38,0.1,LBP,1,0
617,38,0.3,LBP,1,1
618,38,0.5,LBP,1,1
619,38,0.7,LBP,0,0
620,38,0.1,HOG,0,1
621,38,0.3,HOG,0,1
622,38,0.5,HOG,0,1
623,38,0.7,HOG,0,0
624,39,0.1,Haar,1,1
625,39,0.3,Haar,0,1
626,39,0.5,Haar,0,0
627,39,0.7,Haar,1,1
628,39,0.1,Gabor,0,0
629,39,0.3,Gabor,0,0
630,39,0.5,Gabor,0,0
631,39,0.7,Gabor,0,1
632,39,0.1,LBP,0,0
633,39,0.3,LBP,1,1
634,39,0.5,LBP,0,0
635,39,0.7,LBP,0,1
636,39,0.1,HOG,1,0
637,39,0.3,HOG,0,1
638,39,0.5,HOG,0,1
639,39,0.7,HOG,0,0
640,40,0.1,Haar,0,0
641,40,0.3,Haar,1,1
642,40,0.5,Haar,1,1
643,40,0.7,Haar,1,1
644,40,0.1,Gabor,0,1
645,40,0.3,Gabor,0,0
646,40,0.5,Gabor,0,0
647,40,0.7,Gabor,0,1
648,40,0.1,LBP,1,0
649,40,0.3,LBP,0,1
650,40,0.5,LBP,0,0
651,40,0.7,LBP,1,1
652,40,0.1,HOG,0,0
653,40,0.3,HOG,0,0
654,40,0.5,HOG,0,1
655,40,0.7,HOG,0,1
656,41,0.1,Haar,0,0
657,41,0.3,Haar,1,0
658,41,0.5,Haar,0,0
659,41,0.7,Haar,0,0
660,41,0.1,Gabor,0,0
661,41,0.3,Gabor,0,0
662,41,0.5,Gabor,0,0
663,41,0.7,Gabor,0,1
664,41,0.1,LBP,1,0
665,41,0.3,LBP,0,1
666,41,0.5,LBP,0,1
667,41,0.7,LBP,1,0
668,41,0.1,HOG,0,1
669,41,0.3,HOG,0,1
670,41,0.5,HOG,0,0
671,41,0.7,HOG,1,0
672,42,0.1,Haar,0,0
673,42,0.3,Haar,1,0
674,42,0.5,Haar,0,1
675,42,0.7,Haar,0,0
676,42,0.1,Gabor,1,1
677,42,0.3,Gabor,0,1
678,42,0.5,Gabor,1,0
679,42,0.7,Gabor,1,0
680,42,0.1,LBP,1,1
681,42,0.3,LBP,1,1
682,42,0.5,LBP,1,0
683,42,0.7,LBP,0,1
684,42,0.1,HOG,1,0
685,42,0.3,HOG,1,1
686,42,0.5,HOG,0,1
687,42,0.7,HOG,1,0
688,43,0.1,Haar,0,0
689,43,0.3,Haar,0,1
690,43,0.5,Haar,0,1
691,43,0.7,Haar,1,1
692,43,0.1,Gabor,0,1
693,43,0.3,Gabor,1,1
694,43,0.5,Gabor,1,0
695,43,0.7,Gabor,1,1
696,43,0.1,LBP,0,1
697,43,0.3,LBP,0,0
698,43,0.5,LBP,1,1
699,43,0.7,LBP,1,0
700,43,0.1,HOG,0,1
701,43,0.3,HOG,1,0
702,43,0.5,HOG,0,0
703,43,0.7,HOG,0,0
704,44,0.1,Haar,0,1
705,44,0.3,Haar,0,0
706,44,0.5,Haar,1,0
707,44,0.7,Haar,1,1
708,44,0.1,Gabor,1,1
709,44,0.3,Gabor,1,0
710,44,0.5,Gabor,0,0
711,44,0.7,Gabor,1,1
712,44,0.1,LBP,0,1
713,44,0.3,LBP,0,1
714,44,0.5,LBP,0,1
715,44,0.7,LBP,1,1
716,44,0.1,HOG,1,0
717,44,0.3,HOG,0,1
718,44,0.5,HOG,0,0
719,44,0.7,HOG,1,1
720,45,0.1,Haar,1,0
721,45,0.3,Haar,1,1
722,45,0.5,Haar,1,1
723,45,0.7,Haar,1,1
724,45,0.1,Gabor,0,1
725,45,0.3,Gabor,0,0
726,45,0.5,Gabor,1,1
727,45,0.7,Gabor,1,0
728,45,0.1,LBP,0,1
729,45,0.3,LBP,1,1
730,45,0.5,LBP,1,1
731,45,0.7,LBP,0,0
732,45,0.1,HOG,0,1
733,45,0.3,HOG,1,1
734,45,0.5,HOG,1,0
735,45,0.7,HOG,1,1
736,46,0.1,Haar,0,1
737,46,0.3,Haar,0,1
738,46,0.5,Haar,1,0
739,46,0.7,Haar,1,0
740,46,0.1,Gabor,0,0
741,46,0.3,Gabor,1,0
742,46,0.5,Gabor,1,0
743,46,0.7,Gabor,1,1
744,46,0.1,LBP,0,1
745,46,0.3,LBP,0,0
746,46,0.5,LBP,1,0
747,46,0.7,LBP,0,0
748,46,0.1,HOG,1,0
749,46,0.3,HOG,0,1
750,46,0.5,HOG,1,0
751,46,0.7,HOG,1,1
752,47,0.1,Haar,1,0
753,47,0.3,Haar,0,0
754,47,0.5,Haar,0,0
755,47,0.7,Haar,1,0
756,47,0.1,Gabor,1,1
757,47,0.3,Gabor,1,1
758,47,0.5,Gabor,1,0
759,47,0.7,Gabor,0,1
760,47,0.1,LBP,0,1
761,47,0.3,LBP,1,0
762,47,0.5,LBP,0,0
763,47,0.7,LBP,0,0
764,47,0.1,HOG,1,0
765,47,0.3,HOG,0,0
766,47,0.5,HOG,1,1
767,47,0.7,HOG,0,0
768,48,0.1,Haar,0,1
769,48,0.3,Haar,1,0
770,48,0.5,Haar,0,1
771,48,0.7,Haar,1,0
772,48,0.1,Gabor,0,1
773,48,0.3,Gabor,0,0
774,48,0.5,Gabor,1,1
775,48,0.7,Gabor,1,0
776,48,0.1,LBP,0,0
777,48,0.3,LBP,1,1
778,48,0.5,LBP,1,1
779,48,0.7,LBP,1,0
780,48,0.1,HOG,0,0
781,48,0.3,HOG,0,0
782,48,0.5,HOG,1,1
783,48,0.7,HOG,0,0
784,49,0.1,Haar,0,0
785,49,0.3,Haar,0,1
786,49,0.5,Haar,1,0
787,49,0.7,Haar,0,1
788,49,0.1,Gabor,1,1
789,49,0.3,Gabor,0,0
790,49,0.5,Gabor,0,1
791,49,0.7,Gabor,1,1
792,49,0.1,LBP,0,1
793,49,0.3,LBP,1,0
794,49,0.5,LBP,0,1
795,49,0.7,LBP,1,1
796,49,0.1,HOG,0,0
797,49,0.3,HOG,0,1
798,49,0.5,HOG,1,1
799,49,0.7,HOG,1,0
800,50,0.1,Haar,1,1
801,50,0.3,Haar,1,1
802,50,0.5,Haar,0,0
803,50,0.7,Haar,1,0
804,50,0.1,Gabor,0,1
805,50,0.3,Gabor,1,1
806,50,0.5,Gabor,0,1
807,50,0.7,Gabor,0,0
808,50,0.1,LBP,1,1
809,50,0.3,LBP,0,0
810,50,0.5,LBP,1,1
811,50,0.7,LBP,1,1
812,50,0.1,HOG,0,0
813,50,0.3,HOG,1,0
814,50,0.5,HOG,0,1
815,50,0.7,HOG,0,1
816,51,0.1,Haar,1,0
817,51,0.3,Haar,1,1
818,51,0.5,Haar,0,1
819,51,0.7,Haar,0,1
820,51,0.1,Gabor,1,1
821,51,0.3,Gabor,0,1
822,51,0.5,Gabor,0,0
823,51,0.7,Gabor,0,0
824,51,0.1,LBP,0,0
825,51,0.3,LBP,0,0
826,51,0.5,LBP,0,0
827,51,0.7,LBP,1,0
828,51,0.1,HOG,1,1
829,51,0.3,HOG,0,0
830,51,0.5,HOG,0,0
831,51,0.7,HOG,1,1
832,52,0.1,Haar,0,1
833,52,0.3,Haar,1,0
834,52,0.5,Haar,1,0
835,52,0.7,Haar,1,1
836,52,0.1,Gabor,1,0
837,52,0.3,Gabor,1,0
838,52,0.5,Gabor,1,0
839,52,0.7,Gabor,0,1
840,52,0.1,LBP,1,0
841,52,0.3,LBP,0,1
842,52,0.5,LBP,1,0
843,52,0.7,LBP,0,0
844,52,0.1,HOG,1,0
845,52,0.3,HOG,1,0
846,52,0.5,HOG,0,0
847,52,0.7,HOG,0,1
848,53,0.1,Haar,0,0
849,53,0.3,Haar,1,1
850,53,0.5,Haar,0,0
851,53,0.7,Haar,1,1
852,53,0.1,Gabor,0,0
853,53,0.3,Gabor,0,1
854,53,0.5,Gabor,1,1
855,53,0.7,Gabor,0,1
856,53,0.1,LBP,0,1
857,53,0.3,LBP,0,0
858,53,0.5,LBP,0,0
859,53,0.7,LBP,1,1
860,53,0.1,HOG,1,1
861,53,0.3,HOG,1,0
862,53,0.5,HOG,1,0
863,53,0.7,HOG,0,0
864,54,0.1,Haar,1,1
865,54,0.3,Haar,0,0
866,54,0.5,Haar,0,0
867,54,0.7,Haar,0,1
868,54,0.1,Gabor,1,0
869,54,0.3,Gabor,0,0
870,54,0.5,Gabor,1,1
871,54,0.7,Gabor,0,0
872,54,0.1,LBP,1,1
873,54,0.3,LBP,0,1
874,54,0.5,LBP,1,1
875,54,0.7,LBP,1,1
876,54,0.1,HOG,0,1
877,54,0.3,HOG,1,0
878,54,0.5,HOG,0,0
879,54,0.7,HOG,0,1
880,55,0.1,Haar,1,1
881,55,0.3,Haar,1,1
882,55,0.5,Haar,1,0
883,55,0.7,Haar,0,1
884,55,0.1,Gabor,1,0
885,55,0.3,Gabor,1,1
886,55,0.5,Gabor,0,0
887,55,0.7,Gabor,0,0
888,55,0.1,LBP,1,1
889,55,0.3,LBP,1,1
890,55,0.5,LBP,0,0
891,55,0.7,LBP,1,0
892,55,0.1,HOG,0,0
893,55,0.3,HOG,0,1
894,55,0.5,HOG,1,1
895,55,0.7,HOG,1,1
896,56,0.1,Haar,0,1
897,56,0.3,Haar,1,0
898,56,0.5,Haar,0,1
899,56,0.7,Haar,0,0
900,56,0.1,Gabor,0,1
901,56,0.3,Gabor,0,1
902,56,0.5,Gabor,0,1
903,56,0.7,Gabor,0,1
904,56,0.1,LBP,0,1
905,56,0.3,LBP,1,1
906,56,0.5,LBP,1,1
907,56,0.7,LBP,0,1
908,56,0.1,HOG,0,1
909,56,0.3,HOG,1,1
910,56,0.5,HOG,1,0
911,56,0.7,HOG,0,0
912,57,0.1,Haar,1,0
913,57,0.3,Haar,1,1
914,57,0.5,Haar,1,0
915,57,0.7,Haar,1,0
916,57,0.1,Gabor,1,1
917,57,0.3,Gabor,0,0
918,57,0.5,Gabor,1,0
919,57,0.7,Gabor,1,0
920,57,0.1,LBP,1,1
921,57,0.3,LBP,1,1
922,57,0.5,LBP,1,1
923,57,0.7,LBP,1,1
924,57,0.1,HOG,1,0
925,57,0.3,HOG,1,1
926,57,0.5,HOG,0,1
927,57,0.7,HOG,0,0
928,58,0.1,Haar,0,0
929,58,0.3,Haar,0,1
930,58,0.5,Haar,0,1
931,58,0.7,Haar,1,0
932,58,0.1,Gabor,0,0
933,58,0.3,Gabor,0,0
934,58,0.5,Gabor,0,0
935,58,0.7,Gabor,1,0
936,58,0.1,LBP,0,1
937,58,0.3,LBP,1,0
938,58,0.5,LBP,0,0
939,58,0.7,LBP,1,0
940,58,0.1,HOG,1,0
941,58,0.3,HOG,0,0
942,58,0.5,HOG,1,1
943,58,0.7,HOG,0,0
944,59,0.1,Haar,1,1
945,59,0.3,Haar,0,1
946,59,0.5,Haar,0,1
947,59,0.7,Haar,1,0
948,59,0.1,Gabor,1,1
949,59,0.3,Gabor,1,0
950,59,0.5,Gabor,1,0
951,59,0.7,Gabor,0,0
952,59,0.1,LBP,1,0
953,59,0.3,LBP,0,1
954,59,0.5,LBP,1,1
955,59,0.7,LBP,1,1
956,59,0.1,HOG,1,0
957,59,0.3,HOG,0,0
958,59,0.5,HOG,1,1
959,59,0.7,HOG,0,0
960,60,0.1,Haar,1,1
961,60,0.3,Haar,0,0
962,60,0.5,Haar,0,0
963,60,0.7,Haar,1,1
964,60,0.1,Gabor,1,0
965,60,0.3,Gabor,0,0
966,60,0.5,Gabor,1,1
967,60,0.7,Gabor,1,1
968,60,0.1,LBP,0,0
969,60,0.3,LBP,0,0
970,60,0.5,LBP,0,1
971,60,0.7,LBP,0,1
972,60,0.1,HOG,0,1
973,60,0.3,HOG,1,1
974,60,0.5,HOG,0,1
975,60,0.7,HOG,0,0
976,61,0.1,Haar,0,1
977,61,0.3,Haar,1,1
978,61,0.5,Haar,0,1
979,61,0.7,Haar,0,1
980,61,0.1,Gabor,1,0
981,61,0.3,Gabor,1,1
982,61,0.5,Gabor,1,1
983,61,0.7,Gabor,0,1
984,61,0.1,LBP,1,0
985,61,0.3,LBP,0,0
986,61,0.5,LBP,1,1
987,61,0.7,LBP,1,0
988,61,0.1,HOG,1,1
989,61,0.3,HOG,0,0
990,61,0.5,HOG,0,0
991,61,0.7,HOG,0,0
992,62,0.1,Haar,0,0
993,62,0.3,Haar,1,1
994,62,0.5,Haar,1,1
995,62,0.7,Haar,1,0
996,62,0.1,Gabor,0,1
997,62,0.3,Gabor,0,1
998,62,0.5,Gabor,0,0
999,62,0.7,Gabor,1,1
1000,62,0.1,LBP,0,0
1001,62,0.3,LBP,0,0
1002,62,0.5,LBP,1,0
1003,62,0.7,LBP,0,0
1004,62,0.1,HOG,0,1
1005,62,0.3,HOG,0,1
1006,62,0.5,HOG,1,0
1007,62,0.7,HOG,1,0
1008,63,0.1,Haar,0,0
1009,63,0.3,Haar,0,1
1010,63,0.5,Haar,0,1
1011,63,0.7,Haar,0,1
1012,63,0.1,Gabor,0,1
1013,63,0.3,Gabor,1,1
1014,63,0.5,Gabor,0,1
1015,63,0.7,Gabor,1,0
1016,63,0.1,LBP,0,0
1017,63,0.3,LBP,0,1
1018,63,0.5,LBP,0,0
1019,63,0.7,LBP,1,0
1020,63,0.1,HOG,0,1
1021,63,0.3,HOG,1,0
1022,63,0.5,HOG,0,0
1023,63,0.7,HOG,0,1
1024,64,0.1,Haar,1,1
1025,64,0.3,Haar,0,0
1026,64,0.5,Haar,1,1
1027,64,0.7,Haar,0,1
1028,64,0.1,Gabor,0,0
1029,64,0.3,Gabor,0,1
1030,64,0.5,Gabor,1,0
1031,64,0.7,Gabor,0,1
1032,64,0.1,LBP,1,1
1033,64,0.3,LBP,1,1
1034,64,0.5,LBP,0,0
1035,64,0.7,LBP,1,0
1036,64,0.1,HOG,1,1
1037,64,0.3,HOG,1,0
1038,64,0.5,HOG,0,1
1039,64,0.7,HOG,1,0
1040,65,0.1,Haar,1,1
1041,65,0.3,Haar,1,0
1042,65,0.5,Haar,1,0
1043,65,0.7,Haar,1,1
1044,65,0.1,Gabor,0,0
1045,65,0.3,Gabor,1,1
1046,65,0.5,Gabor,1,0
1047,65,0.7,Gabor,1,0
1048,65,0.1,LBP,1,0
1049,65,0.3,LBP,1,1
1050,65,0.5,LBP,1,1
1051,65,0.7,LBP,0,1
1052,65,0.1,HOG,0,0
1053,65,0.3,HOG,0,0
1054,65,0.5,HOG,0,0
1055,65,0.7,HOG,0,1
1056,66,0.1,Haar,1,0
1057,66,0.3,Haar,0,1
1058,66,0.5,Haar,0,0
1059,66,0.7,Haar,1,1
1060,66,0.1,Gabor,1,1
1061,66,0.3,Gabor,0,1
1062,66,0.5,Gabor,0,0
1063,66,0.7,Gabor,0,0
1064,66,0.1,LBP,1,1
1065,66,0.3,LBP,1,1
1066,66,0.5,LBP,1,0
1067,66,0.7,LBP,0,0
1068,66,0.1,HOG,1,1
1069,66,0.3,HOG,0,1
1070,66,0.5,HOG,1,0
1071,66,0.7,HOG,1,0
1072,67,0.1,Haar,0,0
1073,67,0.3,Haar,1,1
1074,67,0.5,Haar,1,0
1075,67,0.7,Haar,1,1
1076,67,0.1,Gabor,1,1
1077,67,0.3,Gabor,1,0
1078,67,0.5,Gabor,1,1
1079,67,0.7,Gabor,0,0
1080,67,0.1,LBP,0,0
1081,67,0.3,LBP,1,0
1082,67,0.5,LBP,1,1
1083,67,0.7,LBP,1,1
1084,67,0.1,HOG,0,0
1085,67,0.3,HOG,1,0
1086,67,0.5,HOG,1,0
1087,67,0.7,HOG,0,0
1088,68,0.1,Haar,1,1
1089,68,0.3,Haar,1,0
1090,68,0.5,Haar,1,1
1091,68,0.7,Haar,1,1
1092,68,0.1,Gabor,1,0
1093,68,0.3,Gabor,1,1
1094,68,0.5,Gabor,0,0
1095,68,0.7,Gabor,0,0
1096,68,0.1,LBP,1,0
1097,68,0.3,LBP,1,1
1098,68,0.5,LBP,0,0
1099,68,0.7,LBP,1,1
1100,68,0.1,HOG,1,1
1101,68,0.3,HOG,0,0
1102,68,0.5,HOG,0,0
1103,68,0.7,HOG,1,0
1104,69,0.1,Haar,0,0
1105,69,0.3,Haar,0,1
1106,69,0.5,Haar,1,0
1107,69,0.7,Haar,0,1
1108,69,0.1,Gabor,1,0
1109,69,0.3,Gabor,1,1
1110,69,0.5,Gabor,0,1
1111,69,0.7,Gabor,0,0
1112,69,0.1,LBP,0,0
1113,69,0.3,LBP,1,1
1114,69,0.5,LBP,1,1
1115,69,0.7,LBP,1,0
1116,69,0.1,HOG,1,0
1117,69,0.3,HOG,1,0
1118,69,0.5,HOG,0,1
1119,69,0.7,HOG,0,1
1120,70,0.1,Haar,1,0
1121,70,0.3,Haar,1,0
1122,70,0.5,Haar,0,0
1123,70,0.7,Haar,1,0
1124,70,0.1,Gabor,0,1
1125,70,0.3,Gabor,1,0
1126,70,0.5,Gabor,0,1
1127,70,0.7,Gabor,0,1
1128,70,0.1,LBP,1,1
1129,70,0.3,LBP,1,0
1130,70,0.5,LBP,1,1
1131,70,0.7,LBP,1,1
1132,70,0.1,HOG,0,1
1133,70,0.3,HOG,1,1
1134,70,0.5,HOG,1,1
1135,70,0.7,HOG,1,1
1136,71,0.1,Haar,0,1
1137,71,0.3,Haar,0,1
1138,71,0.5,Haar,1,1
1139,71,0.7,Haar,0,1
1140,71,0.1,Gabor,0,1
1141,71,0.3,Gabor,1,0
1142,71,0.5,Gabor,0,0
1143,71,0.7,Gabor,1,1
1144,71,0.1,LBP,1,0
1145,71,0.3,LBP,1,1
1146,71,0.5,LBP,0,0
1147,71,0.7,LBP,0,1
1148,71,0.1,HOG,1,1
1149,71,0.3,HOG,0,0
1150,71,0.5,HOG,1,1
1151,71,0.7,HOG,1,0
1152,72,0.1,Haar,1,1
1153,72,0.3,Haar,0,0
1154,72,0.5,Haar,1,0
1155,72,0.7,Haar,0,1
1156,72,0.1,Gabor,0,0
1157,72,0.3,Gabor,1,0
1158,72,0.5,Gabor,1,1
1159,72,0.7,Gabor,1,1
1160,72,0.1,LBP,0,0
1161,72,0.3,LBP,1,1
1162,72,0.5,LBP,1,1
1163,72,0.7,LBP,1,0
1164,72,0.1,HOG,0,0
1165,72,0.3,HOG,1,1
1166,72,0.5,HOG,1,0
1167,72,0.7,HOG,1,0
1168,73,0.1,Haar,1,1
1169,73,0.3,Haar,1,1
1170,73,0.5,Haar,0,1
1171,73,0.7,Haar,1,0
1172,73,0.1,Gabor,0,1
1173,73,0.3,Gabor,0,0
1174,73,0.5,Gabor,0,0
1175,73,0.7,Gabor,1,0
1176,73,0.1,LBP,1,0
1177,73,0.3,LBP,0,1
1178,73,0.5,LBP,1,0
1179,73,0.7,LBP,1,1
1180,73,0.1,HOG,0,1
1181,73,0.3,HOG,0,1
1182,73,0.5,HOG,1,1
1183,73,0.7,HOG,1,0
1184,74,0.1,Haar,1,0
1185,74,0.3,Haar,1,0
1186,74,0.5,Haar,0,0
1187,74,0.7,Haar,0,0
1188,74,0.1,Gabor,1,1
1189,74,0.3,Gabor,1,0
1190,74,0.5,Gabor,1,1
1191,74,0.7,Gabor,0,1
1192,74,0.1,LBP,1,1
1193,74,0.3,LBP,1,0
1194,74,0.5,LBP,0,1
1195,74,0.7,LBP,1,0
1196,74,0.1,HOG,1,0
1197,74,0.3,HOG,1,0
1198,74,0.5,HOG,1,0
1199,74,0.7,HOG,0,0
1200,75,0.1,Haar,0,0
1201,75,0.3,Haar,0,1
1202,75,0.5,Haar,0,0
1203,75,0.7,Haar,1,1
1204,75,0.1,Gabor,1,0
1205,75,0.3,Gabor,0,0
1206,75,0.5,Gabor,1,1
1207,75,0.7,Gabor,1,0
1208,75,0.1,LBP,1,1
1209,75,0.3,LBP,1,1
1210,75,0.5,LBP,1,0
1211,75,0.7,LBP,0,1
1212,75,0.1,HOG,1,1
1213,75,0.3,HOG,1,1
1214,75,0.5,HOG,0,1
1215,75,0.7,HOG,0,1
1216,76,0.1,Haar,1,1
1217,76,0.3,Haar,1,0
1218,76,0.5,Haar,0,1
1219,76,0.7,Haar,0,1
1220,76,0.1,Gabor,0,1
1221,76,0.3,Gabor,0,1
1222,76,0.5,Gabor,0,1
1223,76,0.7,Gabor,0,1
1224,76,0.1,LBP,1,1
1225,76,0.3,LBP,0,0
1226,76,0.5,LBP,1,0
1227,76,0.7,LBP,0,0
1228,76,0.1,HOG,0,0
1229,76,0.3,HOG,1,1
1230,76,0.5,HOG,0,1
1231,76,0.7,HOG,1,0
1232,77,0.1,Haar,1,1
1233,77,0.3,Haar,0,1
1234,77,0.5,Haar,0,1
1235,77,0.7,Haar,0,1
1236,77,0.1,Gabor,1,0
1237,77,0.3,Gabor,1,1
1238,77,0.5,Gabor,1,1
1239,77,0.7,Gabor,1,0
1240,77,0.1,LBP,0,0
1241,77,0.3,LBP,1,1
1242,77,0.5,LBP,1,0
1243,77,0.7,LBP,1,0
1244,77,0.1,HOG,1,1
1245,77,0.3,HOG,0,1
1246,77,0.5,HOG,0,1
1247,77,0.7,HOG,0,1
1248,78,0.1,Haar,0,1
1249,78,0.3,Haar,0,0
1250,78,0.5,Haar,1,1
1251,78,0.7,Haar,1,0
1252,78,0.1,Gabor,0,0
1253,78,0.3,Gabor,1,1
1254,78,0.5,Gabor,1,0
1255,78,0.7,Gabor,0,0
1256,78,0.1,LBP,0,1
1257,78,0.3,LBP,1,1
1258,78,0.5,LBP,1,1
1259,78,0.7,LBP,1,0
1260,78,0.1,HOG,1,1
1261,78,0.3,HOG,0,1
1262,78,0.5,HOG,0,0
1263,78,0.7,HOG,1,1
1264,79,0.1,Haar,0,1
1265,79,0.3,Haar,1,0
1266,79,0.5,Haar,0,0
1267,79,0.7,Haar,1,1
1268,79,0.1,Gabor,0,0
1269,79,0.3,Gabor,0,0
1270,79,0.5,Gabor,1,1
1271,79,0.7,Gabor,1,1
1272,79,0.1,LBP,0,0
1273,79,0.3,LBP,1,1
1274,79,0.5,LBP,0,0
1275,79,0.7,LBP,1,0
1276,79,0.1,HOG,1,1
1277,79,0.3,HOG,1,1
1278,79,0.5,HOG,0,1
1279,79,0.7,HOG,0,0
1280,80,0.1,Haar,0,1
1281,80,0.3,Haar,0,0
1282,80,0.5,Haar,1,0
1283,80,0.7,Haar,0,0
1284,80,0.1,Gabor,0,0
1285,80,0.3,Gabor,0,1
1286,80,0.5,Gabor,1,1
1287,80,0.7,Gabor,0,1
1288,80,0.1,LBP,0,0
1289,80,0.3,LBP,1,0
1290,80,0.5,LBP,0,0
1291,80,0.7,LBP,1,0
1292,80,0.1,HOG,0,0
1293,80,0.3,HOG,0,1
1294,80,0.5,HOG,1,1
1295,80,0.7,HOG,1,0
1296,81,0.1,Haar,1,1
1297,81,0.3,Haar,1,1
1298,81,0.5,Haar,1,0
1299,81,0.7,Haar,0,0
1300,81,0.1,Gabor,0,1
1301,81,0.3,Gabor,0,0
1302,81,0.5,Gabor,1,1
1303,81,0.7,Gabor,1,0
1304,81,0.1,LBP,1,1
1305,81,0.3,LBP,1,0
1306,81,0.5,LBP,0,1
1307,81,0.7,LBP,0,0
1308,81,0.1,HOG,1,1
1309,81,0.3,HOG,1,1
1310,81,0.5,HOG,1,0
1311,81,0.7,HOG,1,0
1312,82,0.1,Haar,0,0
1313,82,0.3,Haar,0,1
1314,82,0.5,Haar,0,1
1315,82,0.7,Haar,1,1
1316,82,0.1,Gabor,1,1
1317,82,0.3,Gabor,1,0
1318,82,0.5,Gabor,1,1
1319,82,0.7,Gabor,0,1
1320,82,0.1,LBP,1,1
1321,82,0.3,LBP,0,0
1322,82,0.5,LBP,0,1
1323,82,0.7,LBP,1,0
1324,82,0.1,HOG,0,0
1325,82,0.3,HOG,1,0
1326,82,0.5,HOG,0,1
1327,82,0.7,HOG,1,1
1328,83,0.1,Haar,0,0
1329,83,0.3,Haar,0,1
1330,83,0.5,Haar,1,0
1331,83,0.7,Haar,0,0
1332,83,0.1,Gabor,0,1
1333,83,0.3,Gabor,0,1
1334,83,0.5,Gabor,1,0
1335,83,0.7,Gabor,1,1
1336,83,0.1,LBP,0,0
1337,83,0.3,LBP,0,0
1338,83,0.5,LBP,0,1
1339,83,0.7,LBP,1,0
1340,83,0.1,HOG,0,1
1341,83,0.3,HOG,0,1
1342,83,0.5,HOG,1,0
1343,83,0.7,HOG,1,1
1344,84,0.1,Haar,0,0
1345,84,0.3,Haar,1,1
1346,84,0.5,Haar,1,1
1347,84,0.7,Haar,0,0
1348,84,0.1,Gabor,1,0
1349,84,0.3,Gabor,0,1
1350,84,0.5,Gabor,0,0
1351,84,0.7,Gabor,1,0
1352,84,0.1,LBP,0,0
1353,84,0.3,LBP,0,0
1354,84,0.5,LBP,0,1
1355,84,0.7,LBP,0,1
1356,84,0.1,HOG,0,0
1357,84,0.3,HOG,1,0
1358,84,0.5,HOG,1,0
1359,84,0.7,HOG,1,1
1360,85,0.1,Haar,0,1
1361,85,0.3,Haar,1,0
1362,85,0.5,Haar,0,0
1363,85,0.7,Haar,0,0
1364,85,0.1,Gabor,1,1
1365,85,0.3,Gabor,1,0
1366,85,0.5,Gabor,1,0
1367,85,0.7,Gabor,0,0
1368,85,0.1,LBP,0,1
1369,85,0.3,LBP,0,1
1370,85,0.5,LBP,1,1
1371,85,0.7,LBP,0,0
1372,85,0.1,HOG,1,1
1373,85,0.3,HOG,0,0
1374,85,0.5,HOG,1,0
1375,85,0.7,HOG,1,1
1376,86,0.1,Haar,0,0
1377,86,0.3,Haar,1,1
1378,86,0.5,Haar,1,0
1379,86,0.7,Haar,1,1
1380,86,0.1,Gabor,0,1
1381,86,0.3,Gabor,1,0
1382,86,0.5,Gabor,0,1
1383,86,0.7,Gabor,0,0
1384,86,0.1,LBP,0,1
1385,86,0.3,LBP,1,0
1386,86,0.5,LBP,1,0
1387,86,0.7,LBP,0,0
1388,86,0.1,HOG,0,1
1389,86,0.3,HOG,1,1
1390,86,0.5,HOG,0,1
1391,86,0.7,HOG,1,0
1392,87,0.1,Haar,0,0
1393,87,0.3,Haar,0,0
1394,87,0.5,Haar,1,1
1395,87,0.7,Haar,1,0
1396,87,0.1,Gabor,0,0
1397,87,0.3,Gabor,1,1
1398,87,0.5,Gabor,1,1
1399,87,0.7,Gabor,1,1
1400,87,0.1,LBP,1,1
1401,87,0.3,LBP,0,0
1402,87,0.5,LBP,1,0
1403,87,0.7,LBP,1,0
1404,87,0.1,HOG,0,1
1405,87,0.3,HOG,1,1
1406,87,0.5,HOG,0,0
1407,87,0.7,HOG,1,0
1408,88,0.1,Haar,0,1
1409,88,0.3,Haar,1,1
1410,88,0.5,Haar,1,1
1411,88,0.7,Haar,0,0
1412,88,0.1,Gabor,1,0
1413,88,0.3,Gabor,0,0
1414,88,0.5,Gabor,0,0
1415,88,0.7,Gabor,1,0
1416,88,0.1,LBP,1,1
1417,88,0.3,LBP,0,0
1418,88,0.5,LBP,1,0
1419,88,0.7,LBP,1,1
1420,88,0.1,HOG,1,0
1421,88,0.3,HOG,1,1
1422,88,0.5,HOG,0,0
1423,88,0.7,HOG,1,0
1424,89,0.1,Haar,1,1
1425,89,0.3,Haar,1,1
1426,89,0.5,Haar,1,0
1427,89,0.7,Haar,1,1
1428,89,0.1,Gabor,0,0
1429,89,0.3,Gabor,0,0
1430,89,0.5,Gabor,1,0
1431,89,0.7,Gabor,0,1
1432,89,0.1,LBP,1,1
1433,89,0.3,LBP,1,1
1434,89,0.5,LBP,1,0
1435,89,0.7,LBP,1,1
1436,89,0.1,HOG,1,1
1437,89,0.3,HOG,1,1
1438,89,0.5,HOG,0,1
1439,89,0.7,HOG,1,1
1440,90,0.1,Haar,1,1
1441,90,0.3,Haar,0,1
1442,90,0.5,Haar,0,0
1443,90,0.7,Haar,0,1
1444,90,0.1,Gabor,0,0
1445,90,0.3,Gabor,0,1
1446,90,0.5,Gabor,0,0
1447,90,0.7,Gabor,0,0
1448,90,0.1,LBP,0,1
1449,90,0.3,LBP,1,0
1450,90,0.5,LBP,0,0
1451,90,0.7,LBP,1,0
1452,90,0.1,HOG,1,1
1453,90,0.3,HOG,0,0
1454,90,0.5,HOG,0,1
1455,90,0.7,HOG,1,1
1456,91,0.1,Haar,0,1
1457,91,0.3,Haar,0,0
1458,91,0.5,Haar,0,1
1459,91,0.7,Haar,1,1
1460,91,0.1,Gabor,0,1
1461,91,0.3,Gabor,0,1
1462,91,0.5,Gabor,0,1
1463,91,0.7,Gabor,0,0
1464,91,0.1,LBP,0,1
1465,91,0.3,LBP,1,1
1466,91,0.5,LBP,1,0
1467,91,0.7,LBP,1,0
1468,91,0.1,HOG,0,0
1469,91,0.3,HOG,1,1
1470,91,0.5,HOG,0,0
1471,91,0.7,HOG,1,0
1472,92,0.1,Haar,1,1
1473,92,0.3,Haar,0,1
1474,92,0.5,Haar,1,1
1475,92,0.7,Haar,0,1
1476,92,0.1,Gabor,0,0
1477,92,0.3,Gabor,0,0
1478,92,0.5,Gabor,0,1
1479,92,0.7,Gabor,0,1
1480,92,0.1,LBP,1,1
1481,92,0.3,LBP,0,1
1482,92,0.5,LBP,1,0
1483,92,0.7,LBP,1,1
1484,92,0.1,HOG,0,1
1485,92,0.3,HOG,1,0
1486,92,0.5,HOG,0,0
1487,92,0.7,HOG,0,0
1488,93,0.1,Haar,1,0
1489,93,0.3,Haar,1,0
1490,93,0.5,Haar,0,1
1491,93,0.7,Haar,1,1
1492,93,0.1,Gabor,1,1
1493,93,0.3,Gabor,1,0
1494,93,0.5,Gabor,1,0
1495,93,0.7,Gabor,0,0
1496,93,0.1,LBP,0,1
1497,93,0.3,LBP,0,0
1498,93,0.5,LBP,0,0
1499,93,0.7,LBP,1,1
1500,93,0.1,HOG,0,1
1501,93,0.3,HOG,1,0
1502,93,0.5,HOG,1,0
1503,93,0.7,HOG,0,0
1504,94,0.1,Haar,1,1
1505,94,0.3,Haar,1,1
1506,94,0.5,Haar,0,0
1507,94,0.7,Haar,1,1
1508,94,0.1,Gabor,0,0
1509,94,0.3,Gabor,0,1
1510,94,0.5,Gabor,1,1
1511,94,0.7,Gabor,1,0
1512,94,0.1,LBP,0,0
1513,94,0.3,LBP,1,1
1514,94,0.5,LBP,1,1
1515,94,0.7,LBP,0,1
1516,94,0.1,HOG,0,0
1517,94,0.3,HOG,0,0
1518,94,0.5,HOG,0,1
1519,94,0.7,HOG,1,1
1520,95,0.1,Haar,1,1
1521,95,0.3,Haar,0,1
1522,95,0.5,Haar,0,0
1523,95,0.7,Haar,0,1
1524,95,0.1,Gabor,1,0
1525,95,0.3,Gabor,1,0
1526,95,0.5,Gabor,1,0
1527,95,0.7,Gabor,0,0
1528,95,0.1,LBP,0,0
1529,95,0.3,LBP,0,0
1530,95,0.5,LBP,0,0
1531,95,0.7,LBP,1,0
1532,95,0.1,HOG,0,1
1533,95,0.3,HOG,0,1
1534,95,0.5,HOG,0,0
1535,95,0.7,HOG,1,1
1536,96,0.1,Haar,1,1
1537,96,0.3,Haar,0,1
1538,96,0.5,Haar,0,1
1539,96,0.7,Haar,1,1
1540,96,0.1,Gabor,0,0
1541,96,0.3,Gabor,0,0
1542,96,0.5,Gabor,1,1
1543,96,0.7,Gabor,0,1
1544,96,0.1,LBP,0,1
1545,96,0.3,LBP,1,1
1546,96,0.5,LBP,1,1
1547,96,0.7,LBP,0,1
1548,96,0.1,HOG,1,1
1549,96,0.3,HOG,1,1
1550,96,0.5,HOG,1,1
1551,96,0.7,HOG,1,0
1552,97,0.1,Haar,0,1
1553,97,0.3,Haar,0,0
1554,97,0.5,Haar,1,0
1555,97,0.7,Haar,0,1
1556,97,0.1,Gabor,0,0
1557,97,0.3,Gabor,0,0
1558,97,0.5,Gabor,0,0
1559,97,0.7,Gabor,1,1
1560,97,0.1,LBP,0,1
1561,97,0.3,LBP,1,0
1562,97,0.5,LBP,0,1
1563,97,0.7,LBP,1,1
1564,97,0.1,HOG,0,0
1565,97,0.3,HOG,1,1
1566,97,0.5,HOG,0,1
1567,97,0.7,HOG,1,1
1568,98,0.1,Haar,0,1
1569,98,0.3,Haar,0,0
1570,98,0.5,Haar,0,0
1571,98,0.7,Haar,0,1
1572,98,0.1,Gabor,1,1
1573,98,0.3,Gabor,0,1
1574,98,0.5,Gabor,1,0
1575,98,0.7,Gabor,0,0
1576,98,0.1,LBP,0,0
1577,98,0.3,LBP,1,1
1578,98,0.5,LBP,1,0
1579,98,0.7,LBP,1,1
1580,98,0.1,HOG,0,1
1581,98,0.3,HOG,0,0
1582,98,0.5,HOG,0,0
1583,98,0.7,HOG,0,1
1584,99,0.1,Haar,0,1
1585,99,0.3,Haar,0,1
1586,99,0.5,Haar,0,0
1587,99,0.7,Haar,0,0
1588,99,0.1,Gabor,1,0
1589,99,0.3,Gabor,1,0
1590,99,0.5,Gabor,0,0
1591,99,0.7,Gabor,1,0
1592,99,0.1,LBP,0,1
1593,99,0.3,LBP,0,1
1594,99,0.5,LBP,1,1
1595,99,0.7,LBP,0,1
1596,99,0.1,HOG,1,0
1597,99,0.3,HOG,0,0
1598,99,0.5,HOG,1,1
1599,99,0.7,HOG,1,1
